"Station","Trend (mm yr-1)","Uncertainty (se)"
"Vaca Key",3.90627243541034,0.43040770755831
"Virginia Key",4.66282785341462,0.923138167378066
